knn,blocks,imbalance,kahip_mode,layers,nodes,epochs,batch_size,T,build_time_with_ivfflat,build_time_without_ivfflat,search_time_with_true,search_time_without_true,true_compute_time,recall,avg_AF,QPS,tApprox
1,2000,0.1,0,3,256,3,256,2,245.31988168298267,156.17587783397175,30.687134306994267,12.641165649984032,17.49829464801587,0.3469,1.0922894,1020.12416729,0.00098027
1,2000,0.1,0,3,256,3,256,20,245.31988168298267,156.17587783397175,52.018486896005925,35.12227070500376,17.162494499993045,0.8699,1.00990889,307.89403621,0.00324787
1,2000,0.1,0,3,256,3,256,50,245.31988168298267,156.17587783397175,59.54187416000059,42.20136741199531,17.00357839098433,0.9808,1.00131029,252.90786618,0.00395401
1,2000,0.1,0,3,256,3,256,100,245.31988168298267,156.17587783397175,62.566054876020644,51.58013294200646,17.628799161990173,0.9981,1.00014391,205.04818232,0.0048769
1,2000,0.1,0,3,256,3,256,250,245.31988168298267,156.17587783397175,73.522523311025,49.02535730099771,19.6396090729977,1.0,1.0,217.09569313,0.00460626
5,2000,0.1,0,3,256,3,256,2,296.3830196449999,155.9005895020091,33.62542104104068,14.610184721008409,19.128008610976394,0.57402,1.04323166,889.92129458,0.00112369
5,2000,0.1,0,3,256,3,256,20,296.3830196449999,155.9005895020091,55.64547482400667,37.1493008339894,17.69432838301873,0.98468,1.00073271,295.66086255,0.00338225
5,2000,0.1,0,3,256,3,256,50,296.3830196449999,155.9005895020091,62.07948374404805,45.58225106896134,17.279197001014836,0.99852,1.00006145,237.22257904,0.00421545
5,2000,0.1,0,3,256,3,256,100,296.3830196449999,155.9005895020091,64.50095197599148,47.188437175995205,17.25537357502617,0.99978,1.00000805,226.97614683,0.00440575
5,2000,0.1,0,3,256,3,256,250,296.3830196449999,155.9005895020091,69.40678611997282,50.25261030497495,17.062220057006925,1.0,1.0,212.52914513,0.00470524
50,2000,0.1,0,3,256,3,256,2,320.77176247601165,212.8224123949767,33.25673136196565,18.063915584993083,17.026411878003273,0.490272,1.0599952,820.7504464,0.0012184
50,2000,0.1,0,3,256,3,256,20,320.77176247601165,212.8224123949767,60.556731527030934,46.84394028998213,19.391493547998834,0.97375,1.00126109,248.4237013,0.00402538
50,2000,0.1,0,3,256,3,256,50,320.77176247601165,212.8224123949767,63.47714438603725,50.53318524901988,16.823772829025984,0.99776,1.00007893,220.57469226,0.00453361
50,2000,0.1,0,3,256,3,256,100,320.77176247601165,212.8224123949767,69.02563695702702,55.21949023200432,18.176754765969235,0.999724,1.00000738,204.54671981,0.00488886
50,2000,0.1,0,3,256,3,256,250,320.77176247601165,212.8224123949767,72.98237192397937,57.22510457300814,18.673273724038154,0.999986,1.00000016,193.53613752,0.00516699
100,2000,0.1,0,3,256,3,256,2,363.8533739700215,242.48515837895684,41.285215847950894,24.10729093500413,20.05087136203656,0.429512,1.07791372,628.2740192,0.00159166
100,2000,0.1,0,3,256,3,256,20,363.8533739700215,242.48515837895684,62.83773993398063,46.740846755041275,18.864652321964968,0.959451,1.00211109,253.94539069,0.00393785
100,2000,0.1,0,3,256,3,256,50,363.8533739700215,242.48515837895684,67.6056920849951,52.0299057479715,17.88404450501548,0.996184,1.00014481,224.31096575,0.0044581
100,2000,0.1,0,3,256,3,256,100,363.8533739700215,242.48515837895684,73.80809892597608,59.57520956097869,19.674719353963155,0.999509,1.0000141,192.98521082,0.00518174
100,2000,0.1,0,3,256,3,256,250,363.8533739700215,242.48515837895684,70.60635920299683,59.29041961202165,18.230250606953632,0.999973,1.00000021,190.5222829,0.00524873
1,200,0.1,0,3,256,3,256,2,233.7317985619884,95.83662193996133,49.967581181030255,32.701794469030574,18.04563250398496,0.7172,1.02664936,338.38721754,0.00295519
1,200,0.1,0,3,256,3,256,20,233.7317985619884,95.83662193996133,64.2932937790174,44.96100405801553,16.998244932037778,0.9994,1.00005528,237.15149527,0.00421671
1,200,0.1,0,3,256,3,256,50,233.7317985619884,95.83662193996133,70.07042554102372,52.42726948700147,17.86900289496407,1.0,1.0,202.21465476,0.00494524
1,200,0.1,0,3,256,3,256,100,233.7317985619884,95.83662193996133,80.50830953399418,62.2447155189584,17.96789416699903,1.0,1.0,169.03489288,0.00591594
1,200,0.1,0,3,256,3,256,250,233.7317985619884,95.83662193996133,98.52641380397836,80.5552837550058,17.840842423029244,1.0,1.0,129.08328352,0.00774694
1,500,0.1,0,3,256,3,256,2,232.6776901599951,109.33036107104272,40.11866248300066,23.565527505008504,16.97010659199441,0.4968,1.05843785,489.27831556,0.00204383
1,500,0.1,0,3,256,3,256,20,232.6776901599951,109.33036107104272,68.74813454801915,44.966478274029214,19.301700440002605,0.9812,1.00162085,237.71905963,0.00420665
1,500,0.1,0,3,256,3,256,50,232.6776901599951,109.33036107104272,63.60742464696523,46.87722774100257,17.421720259997528,0.9991,1.00005321,227.50421985,0.00439552
1,500,0.1,0,3,256,3,256,100,232.6776901599951,109.33036107104272,79.48610745603219,52.70450683700619,19.014117413957138,1.0,1.0,200.85680538,0.00497867
1,500,0.1,0,3,256,3,256,250,232.6776901599951,109.33036107104272,81.4190363510279,63.553915066004265,17.59823178895749,1.0,1.0,164.75296851,0.00606969
1,2000,0.1,0,3,256,3,256,2,268.05560219596373,165.73419648502022,32.84511742199538,13.55998261104105,18.361816002987325,0.2691,1.12019472,976.64100562,0.00102392
1,2000,0.1,0,3,256,3,256,20,268.05560219596373,165.73419648502022,57.00902208703337,38.25618746102555,18.35851728200214,0.8055,1.01673371,285.48820069,0.00350277
1,2000,0.1,0,3,256,3,256,50,268.05560219596373,165.73419648502022,64.53813780203927,47.53644711402012,18.583406651043333,0.9583,1.003198,226.97423073,0.00440579
1,2000,0.1,0,3,256,3,256,100,268.05560219596373,165.73419648502022,67.38947135198396,49.09043037198717,18.718988157983404,0.995,1.00041007,217.33016028,0.00460129
1,2000,0.1,0,3,256,3,256,250,268.05560219596373,165.73419648502022,73.95380592701258,56.74093787500169,19.411672748043202,1.0,1.0,186.87710403,0.00535111
1,5000,0.1,0,3,256,3,256,2,379.69040737400064,248.3070876590209,29.803012571996078,11.530829340976197,18.281665187969338,0.3169,1.10370773,1172.36662963,0.00085298
1,5000,0.1,0,3,256,3,256,20,379.69040737400064,248.3070876590209,43.99929545697523,26.31285782402847,17.445933341048658,0.794,1.0171045,426.10381986,0.00234685
1,5000,0.1,0,3,256,3,256,50,379.69040737400064,248.3070876590209,55.648382769024465,35.74360363400774,17.636717114015482,0.9379,1.00483433,304.92666173,0.00327948
1,5000,0.1,0,3,256,3,256,100,379.69040737400064,248.3070876590209,59.99086818302749,42.3864950669813,16.776220244006254,0.9882,1.00089589,255.81594537,0.00390906
1,5000,0.1,0,3,256,3,256,250,379.69040737400064,248.3070876590209,63.35994215501705,48.168619531963486,16.882474893005565,0.9996,1.00002334,221.1215375,0.0045224
1,2000,0.03,0,3,256,3,256,2,301.4040629090159,161.76744565501576,32.82989447703585,13.013899956014939,18.74400438601151,0.3562,1.09025624,1005.60082036,0.00099443
1,2000,0.03,0,3,256,3,256,20,301.4040629090159,161.76744565501576,51.99628209701041,36.79643829597626,17.311637122009415,0.8788,1.00935117,296.15758594,0.00337658
1,2000,0.03,0,3,256,3,256,50,301.4040629090159,161.76744565501576,63.182657924015075,42.920300236030016,17.99760254198918,0.9826,1.00118878,250.09979787,0.0039984
1,2000,0.03,0,3,256,3,256,100,301.4040629090159,161.76744565501576,65.39657551201526,43.66882533801254,17.3342296690098,0.9977,1.000101,245.06858071,0.00408049
1,2000,0.03,0,3,256,3,256,250,301.4040629090159,161.76744565501576,65.77345853595762,51.213970398006495,16.957275895983912,0.9998,1.00000205,206.3751746,0.00484554
1,2000,0.1,0,3,256,3,256,2,296.7650631229626,147.63526805996662,30.55004599201493,13.822832313016988,16.85784514498664,0.3255,1.09976055,932.2915269,0.00107263
1,2000,0.1,0,3,256,3,256,20,296.7650631229626,147.63526805996662,53.320970355009194,33.63412440603133,18.25736995501211,0.8553,1.01226748,324.02334009,0.0030862
1,2000,0.1,0,3,256,3,256,50,296.7650631229626,147.63526805996662,67.16383228899213,41.28134285402484,21.427640570967924,0.9726,1.00226703,259.51590872,0.00385333
1,2000,0.1,0,3,256,3,256,100,296.7650631229626,147.63526805996662,67.43291677598609,44.01978132099612,19.947347453038674,0.9969,1.00028553,242.91607041,0.00411665
1,2000,0.1,0,3,256,3,256,250,296.7650631229626,147.63526805996662,70.19367596000666,48.23526601801859,18.787844149046578,1.0,1.0,220.51150045,0.00453491
1,2000,0.15,0,3,256,3,256,2,273.3896496859961,154.04821790999267,30.42474859196227,13.89463680901099,16.492662076023407,0.3423,1.0951175,933.28138345,0.00107149
1,2000,0.15,0,3,256,3,256,20,273.3896496859961,154.04821790999267,53.812124048999976,34.94481428898871,18.015564338013064,0.8617,1.01132707,311.96117103,0.00320553
1,2000,0.15,0,3,256,3,256,50,273.3896496859961,154.04821790999267,64.34572441299679,41.82108044298366,18.995083308022004,0.978,1.00195054,256.55466487,0.0038978
1,2000,0.15,0,3,256,3,256,100,273.3896496859961,154.04821790999267,65.87816746701719,44.455390885006636,17.678941674006637,0.9982,1.00010466,239.46547286,0.00417597
1,2000,0.15,0,3,256,3,256,250,273.3896496859961,154.04821790999267,81.92717611498665,55.202519193000626,22.013730916019995,1.0,1.0,192.10926258,0.00520537
1,2000,0.1,0,3,256,3,256,2,305.5722716129967,160.26659528899472,32.53014946001349,13.670279546000529,18.901008849032223,0.3397,1.09444637,965.53554643,0.00103569
1,2000,0.1,0,3,256,3,256,20,305.5722716129967,160.26659528899472,52.092599828960374,39.368832067993935,16.614421507983934,0.8684,1.01055784,277.10706978,0.00360871
1,2000,0.1,0,3,256,3,256,50,305.5722716129967,160.26659528899472,59.47720736998599,45.041772830998525,17.521080899983644,0.98,1.00155278,237.98672431,0.00420192
1,2000,0.1,0,3,256,3,256,100,305.5722716129967,160.26659528899472,64.55945527803851,46.92013569897972,19.055148504965473,0.9983,1.00009342,226.7266177,0.0044106
1,2000,0.1,0,3,256,3,256,250,305.5722716129967,160.26659528899472,67.66391147201648,49.59267743601231,18.831358664960135,1.0,1.0,213.75191949,0.00467832
1,2000,0.1,1,3,256,3,256,2,278.25381114997435,150.49991529004183,31.8735701420228,12.77205100998981,18.67645590903703,0.3128,1.10346676,1028.05504318,0.00097271
1,2000,0.1,1,3,256,3,256,20,278.25381114997435,150.49991529004183,51.316216716950294,34.0527960479958,17.261707706027664,0.8461,1.01324649,321.06200401,0.00311466
1,2000,0.1,1,3,256,3,256,50,278.25381114997435,150.49991529004183,59.26265205902746,42.06221576902317,17.746240655018482,0.9694,1.00219373,256.86409057,0.00389311
1,2000,0.1,1,3,256,3,256,100,278.25381114997435,150.49991529004183,63.67477225000039,44.33339679398341,18.585606709006242,0.9964,1.00033997,240.68676146,0.00415478
1,2000,0.1,1,3,256,3,256,250,278.25381114997435,150.49991529004183,66.27515015302924,48.64946044899989,18.46851489599794,0.9997,1.00004351,218.81087702,0.00457016
1,2000,0.1,0,3,256,3,256,2,284.05734971299535,152.99865823501023,32.12303574802354,13.723052070010453,18.35940081998706,0.2945,1.10832651,977.52608546,0.00102299
1,2000,0.1,0,3,256,3,256,20,284.05734971299535,152.99865823501023,55.834323060989846,36.56303407001542,18.099203235004097,0.8361,1.0137606,302.64737154,0.00330418
1,2000,0.1,0,3,256,3,256,50,284.05734971299535,152.99865823501023,65.25245822803117,45.11442356201587,18.350844781962223,0.9696,1.00249703,238.94699229,0.00418503
1,2000,0.1,0,3,256,3,256,100,284.05734971299535,152.99865823501023,67.54742756899213,45.814770110009704,17.8933565869811,0.9956,1.00031339,233.34051943,0.00428558
1,2000,0.1,0,3,256,3,256,250,284.05734971299535,152.99865823501023,67.84222954500001,50.96447082498344,18.281412885989994,0.9998,1.00002477,209.48528549,0.0047736
1,2000,0.1,0,5,256,3,256,2,431.16126906801946,335.3797735039843,33.225237952021416,16.580382995016407,17.789835798961576,0.3785,1.08499659,749.55957487,0.00133412
1,2000,0.1,0,5,256,3,256,20,431.16126906801946,335.3797735039843,60.36346719501307,41.32644210901344,17.693042025028262,0.9018,1.00776864,260.23846723,0.00384263
1,2000,0.1,0,5,256,3,256,50,431.16126906801946,335.3797735039843,68.79763321898645,48.93088423402514,18.02187239698833,0.9888,1.00081878,218.20208756,0.00458291
1,2000,0.1,0,5,256,3,256,100,431.16126906801946,335.3797735039843,70.32677721598884,53.338818448013626,18.321096898056567,0.9984,1.00011658,198.74005922,0.0050317
1,2000,0.1,0,5,256,3,256,250,431.16126906801946,335.3797735039843,73.16376732604112,55.98093420400983,18.163685033970978,1.0,1.0,188.55909595,0.00530338
1,2000,0.1,0,6,256,3,256,2,558.9849627859658,438.431195037032,30.783868013997562,13.13391956302803,17.807884475041647,0.0009,1.91552192,1002.39319546,0.00099761
1,2000,0.1,0,6,256,3,256,20,558.9849627859658,438.431195037032,31.124780865968205,12.795027411018964,18.361965835036244,0.01,1.49076414,1046.69040283,0.00095539
1,2000,0.1,0,6,256,3,256,50,558.9849627859658,438.431195037032,32.15942476101918,14.464241824985947,18.29257241002051,0.026,1.36355105,889.84884201,0.00112379
1,2000,0.1,0,6,256,3,256,100,558.9849627859658,438.431195037032,32.72776993497973,15.731336133030709,17.330523207027,0.0501,1.28579287,790.23911878,0.00126544
1,2000,0.1,0,6,256,3,256,250,558.9849627859658,438.431195037032,40.551252441015095,22.005899965995923,18.08045301702805,0.1308,1.18299595,533.33691348,0.00187499
1,2000,0.1,0,3,128,3,256,2,278.39380316803,153.0736648690072,29.812218479986768,13.138863006024621,17.091523620998487,0.3711,1.08511585,990.2935079,0.0010098
1,2000,0.1,0,3,128,3,256,20,278.39380316803,153.0736648690072,56.06218509300379,37.45551245298702,16.407946300983895,0.8922,1.00860235,293.13834236,0.00341136
1,2000,0.1,0,3,128,3,256,50,278.39380316803,153.0736648690072,60.81675711402204,44.07535798801109,16.864525652024895,0.9838,1.00118819,242.83663434,0.00411799
1,2000,0.1,0,3,128,3,256,100,278.39380316803,153.0736648690072,66.09525578696048,45.59602931694826,16.691568317008205,0.9982,1.00015432,237.85715302,0.0042042
1,2000,0.1,0,3,128,3,256,250,278.39380316803,153.0736648690072,68.19724727299763,49.108111687994096,17.974352672987152,1.0,1.0,217.01252867,0.00460803
1,2000,0.1,0,3,256,3,256,2,306.9133452749811,159.06062925199512,36.029465845029335,14.15387150098104,21.2066472810111,0.3354,1.09713963,943.79966646,0.00105955
1,2000,0.1,0,3,256,3,256,20,306.9133452749811,159.06062925199512,54.3857239310164,35.18881786899874,18.96336502302438,0.8578,1.01179161,310.7752076,0.00321776
1,2000,0.1,0,3,256,3,256,50,306.9133452749811,159.06062925199512,65.55514782399405,42.39866423298372,20.75076943001477,0.9772,1.00187179,254.44138257,0.00393018
1,2000,0.1,0,3,256,3,256,100,306.9133452749811,159.06062925199512,64.10764444898814,44.76213802403072,17.547239594045095,0.9975,1.00023153,238.86761087,0.00418642
1,2000,0.1,0,3,256,3,256,250,306.9133452749811,159.06062925199512,66.36897127801785,48.72547958698124,17.993840816954616,1.0,1.0,217.36317616,0.0046006
1,2000,0.1,0,3,521,3,256,2,283.24122938804794,150.87164997501532,30.243471756984945,12.806908452010248,17.403584118990693,0.3534,1.09106787,1027.09591273,0.00097362
1,2000,0.1,0,3,521,3,256,20,283.24122938804794,150.87164997501532,51.86436872003833,36.45456646004459,17.53578794503119,0.8866,1.00885959,299.21776752,0.00334205
1,2000,0.1,0,3,521,3,256,50,283.24122938804794,150.87164997501532,59.77050255902577,40.49776668997947,18.00511936098337,0.9843,1.00108237,265.68419207,0.00376387
1,2000,0.1,0,3,521,3,256,100,283.24122938804794,150.87164997501532,63.73355836397968,44.443901785009075,17.98429655795917,0.9982,1.00012528,240.84253599,0.00415209
1,2000,0.1,0,3,521,3,256,250,283.24122938804794,150.87164997501532,64.85263170901453,48.26115686201956,16.53871703398181,0.9998,1.00002789,221.33679459,0.004518
1,2000,0.1,0,3,256,1,256,2,183.30598164198454,52.355224556988105,28.8114544810378,12.745123478001915,16.889281285984907,0.2234,1.13887874,1052.46979777,0.00095015
1,2000,0.1,0,3,256,1,256,20,183.30598164198454,52.355224556988105,45.708302720973734,32.24270640598843,16.758571144018788,0.7009,1.02858036,342.53401557,0.00291942
1,2000,0.1,0,3,256,1,256,50,183.30598164198454,52.355224556988105,65.02513667102903,43.26177302398719,19.53484572097659,0.8967,1.00838412,252.68533419,0.00395749
1,2000,0.1,0,3,256,1,256,100,183.30598164198454,52.355224556988105,67.517954904004,50.82203172397567,18.522292062989436,0.9779,1.00168317,209.70917045,0.00476851
1,2000,0.1,0,3,256,1,256,250,183.30598164198454,52.355224556988105,72.44905318896053,51.730992523021996,20.797028204018716,0.9995,1.0000304,204.52003958,0.0048895
1,2000,0.1,0,3,256,3,256,2,271.65715841099154,150.33973729499849,30.705124249041546,12.630615005968139,18.0762308940175,0.2939,1.11152247,1036.03105716,0.00096522
1,2000,0.1,0,3,256,3,256,20,271.65715841099154,150.33973729499849,52.948913256987,34.06424972100649,18.462773752980866,0.8182,1.01619196,322.12887933,0.00310435
1,2000,0.1,0,3,256,3,256,50,271.65715841099154,150.33973729499849,58.9416206679889,42.69089889898896,16.70264670503093,0.9671,1.00269965,251.51452741,0.00397591
1,2000,0.1,0,3,256,3,256,100,271.65715841099154,150.33973729499849,64.24714340700302,45.48791508900467,18.008565734955482,0.9968,1.00019025,234.91525096,0.00425685
1,2000,0.1,0,3,256,3,256,250,271.65715841099154,150.33973729499849,68.71790645597503,51.61186419299338,17.37395264900988,1.0,1.0,205.39075948,0.00486877
1,2000,0.1,0,3,256,5,256,2,387.09210432099644,280.7036133760121,31.942274797998834,13.8195154700079,18.6112118739984,0.3905,1.08053948,941.04676881,0.00106265
1,2000,0.1,0,3,256,5,256,20,387.09210432099644,280.7036133760121,59.43139355699532,38.70478076295694,19.797524609952234,0.9222,1.00564701,282.87755971,0.0035351
1,2000,0.1,0,3,256,5,256,50,387.09210432099644,280.7036133760121,62.60407614696305,43.99859110999387,18.00539921503514,0.9928,1.00045246,244.88975111,0.00408347
1,2000,0.1,0,3,256,5,256,100,387.09210432099644,280.7036133760121,65.17233057803242,46.43665199301904,17.671301388996653,0.9992,1.00003724,230.20699243,0.00434392
1,2000,0.1,0,3,256,5,256,250,387.09210432099644,280.7036133760121,69.30938754300587,50.040485036035534,17.73810392501764,0.9998,1.00000695,212.11727601,0.00471437
1,2000,0.1,0,3,256,10,256,2,604.5433434880106,544.0024419139954,32.755301786004566,14.34236582898302,17.43847501295386,0.4711,1.05980547,914.94882263,0.00109296
1,2000,0.1,0,3,256,10,256,20,604.5433434880106,544.0024419139954,60.4371611130191,41.22085715999128,18.400038231979124,0.9585,1.0025245,262.49466061,0.0038096
1,2000,0.1,0,3,256,10,256,50,604.5433434880106,544.0024419139954,65.45387357001891,46.65990965702804,18.9670087940176,0.995,1.00026928,228.63806845,0.00437372
1,2000,0.1,0,3,256,10,256,100,604.5433434880106,544.0024419139954,66.9188557669986,48.19180369499372,19.31688416900579,0.9994,1.00003738,222.99769937,0.00448435
1,2000,0.1,0,3,256,10,256,250,604.5433434880106,544.0024419139954,72.61374553100904,53.76154746901011,18.474064005014952,1.0,1.0,198.90617056,0.0050275
1,2000,0.1,0,3,256,3,1024,2,276.31748576497193,162.61009964795085,29.004777398018632,11.924503758025821,16.876333038962912,0.2445,1.12795162,1121.80641102,0.00089142
1,2000,0.1,0,3,256,3,1024,20,276.31748576497193,162.61009964795085,48.67115155601641,30.12917860702146,17.560020678967703,0.7281,1.02580289,369.1753317,0.00270874
1,2000,0.1,0,3,256,3,1024,50,276.31748576497193,162.61009964795085,55.60562193999067,38.31245312298415,16.97540759498952,0.9041,1.00766294,282.91447341,0.00353464
1,2000,0.1,0,3,256,3,1024,100,276.31748576497193,162.61009964795085,62.51111669198144,43.156569891027175,17.486214760981966,0.9771,1.00170123,248.35866396,0.00402643
1,2000,0.1,0,3,256,3,1024,250,276.31748576497193,162.61009964795085,65.599828076025,50.02646427199943,17.1878219859791,0.9996,1.00001843,211.51016274,0.00472791
1,2000,0.1,0,3,256,3,2048,2,336.81248377397424,198.25936800503405,30.20528358500451,12.18501399597153,18.285293371009175,0.2,1.15453626,1088.22389904,0.00091893
1,2000,0.1,0,3,256,3,2048,20,336.81248377397424,198.25936800503405,49.20715634699445,32.22685057297349,18.563706716988236,0.6291,1.03787468,344.05273374,0.00290653
1,2000,0.1,0,3,256,3,2048,50,336.81248377397424,198.25936800503405,57.16040536900982,40.89053049701033,17.117769368982408,0.8373,1.01347444,264.40011333,0.00378215
1,2000,0.1,0,3,256,3,2048,100,336.81248377397424,198.25936800503405,63.543917785049416,44.45594939898001,17.393304397002794,0.9357,1.00492376,242.15408788,0.0041296
1,2000,0.1,0,3,256,3,2048,250,336.81248377397424,198.25936800503405,70.53105523902923,50.72398245497607,19.40537327103084,0.9908,1.00057221,210.44098266,0.00475193
1,2000,0.1,0,3,256,3,4096,2,336.9958629400353,216.00930331798736,30.15203677903628,11.43633835396031,19.865624395024497,0.1315,1.19588779,1197.56571246,0.00083503
1,2000,0.1,0,3,256,3,4096,20,336.9958629400353,216.00930331798736,43.66123995202361,25.617209067975637,18.250555331993382,0.4812,1.06178298,442.11078982,0.00226188
1,2000,0.1,0,3,256,3,4096,50,336.9958629400353,216.00930331798736,52.112377659999765,32.9736894450034,18.080256124027073,0.6833,1.030692,331.61049353,0.00301559
1,2000,0.1,0,3,256,3,4096,100,336.9958629400353,216.00930331798736,60.256840448011644,42.14823781402083,18.682631471019704,0.8243,1.01535168,255.04401729,0.00392089
1,2000,0.1,0,3,256,3,4096,250,336.9958629400353,216.00930331798736,66.21213195798919,54.093782312993426,17.676507733005565,0.957,1.00352462,196.05510723,0.00510061
